PSU Readback Voltage,PSU Readback Current,PSU Voltage Set,Load Current Set,DMM Voltage Measured,key,Programming/Voltage Absolute Error (V),Relative/Voltage Percentage Error (%),PSU Readback Voltage Error (V),PSU Readback Voltage Percentage Error (%)
0.9999266,0.9993638,1.0,1.0,0.999909234,0,-9.076600000001989e-05,-9.076600000001989e-05,1.7366000000018644e-05,1.7366000000018644e-05
2.000071,0.9993638,2.0,1.0,2.00036201,0,0.0003620099999999127,0.0003620099999999127,-0.0002910099999997584,-0.0002910099999997584
2.999226,0.9993638,3.0,1.0,2.9989168,0,-0.0010832000000000619,-0.0010832000000000619,0.0003092000000002315,0.0003092000000002315
1.000936,1.999444,1.0,2.0,0.999902909,1,-9.70909999999936e-05,-9.70909999999936e-05,0.0010330910000000415,0.0010330910000000415
2.00108,1.999444,2.0,2.0,2.00034154,1,0.00034153999999997353,0.00034153999999997353,0.0007384599999999963,0.0007384599999999963
2.999226,1.999444,3.0,2.0,2.99891183,1,-0.001088170000000055,-0.001088170000000055,0.00031417000000022455,0.00031417000000022455
1.000936,2.99951,1.0,3.0,0.999860966,2,-0.00013903400000003785,-0.00013903400000003785,0.0010750340000000858,0.0010750340000000858
2.000071,2.99951,2.0,3.0,2.00031002,2,0.00031002000000013297,0.00031002000000013297,-0.0002390199999999787,-0.0002390199999999787
2.999226,2.99951,3.0,3.0,2.99888416,2,-0.0011158400000002011,-0.0011158400000002011,0.00034184000000037074,0.00034184000000037074
