PSU Readback Voltage,PSU Readback Current,PSU Voltage Set,Load Current Set,DMM Voltage Measured,Programming/Voltage Absolute Error (V),Relative/Voltage Percentage Error (%),PSU Readback Voltage Error (V),PSU Readback Voltage Percentage Error (%),Programming Upper Error Boundary (V),Programming Lower Error Boundary (V),Programming Condition,Readback Upper Error Boundary (V),Readback Lower Error Boundary (V),Readback Condition
3.000582695007324,1.000298976898193,3.0,1.0,2.99952035,-0.0004796499999999,-0.0159883333333314,0.0010623450073241,0.0354171628581936,0.0069,-0.0069,PASS,0.0069,-0.0069,PASS
6.001111030578613,1.000349283218384,6.0,1.0,5.99948285,-0.0005171500000002,-0.0086191666666716,0.0016281805786135,0.0271386821051347,0.0078,-0.0078,PASS,0.0078,-0.0078,PASS
9.001609802246094,1.000771522521973,9.0,1.0,8.9993858,-0.0006141999999993,-0.0068244444444371,0.002224002246093,0.0247128225805486,0.0087,-0.0087,PASS,0.0087,-0.0087,PASS
3.000638961791992,2.000962734222412,3.0,2.0,2.99952382,-0.0004761800000001,-0.0158726666666719,0.0011151417919923,0.0371772940943788,0.0069,-0.0069,PASS,0.0069,-0.0069,PASS
6.001162528991699,2.001000881195068,6.0,2.0,5.99948865,-0.00051135,-0.0085225000000003,0.0016738789916992,0.0279003610032538,0.0078,-0.0078,PASS,0.0078,-0.0078,PASS
9.0018310546875,2.001524448394775,9.0,2.0,8.99940393,-0.0005960700000002,-0.0066230000000031,0.0024271246875002,0.0269698382957267,0.0087,-0.0087,PASS,0.0087,-0.0087,PASS
3.000715017318726,3.000675201416016,3.0,3.0,2.99952169,-0.00047831,-0.0159436666666697,0.0011933273187261,0.0397839203065113,0.0069,-0.0069,PASS,0.0069,-0.0069,PASS
6.001255035400391,3.001066207885742,6.0,3.0,5.99946963,-0.0005303699999998,-0.0088394999999981,0.0017854054003905,0.0297593872542116,0.0078,-0.0078,PASS,0.0078,-0.0078,PASS
9.001965522766113,3.001328706741333,9.0,3.0,8.99939644,-0.00060356,-0.0067062222222228,0.0025690827661133,0.0285472785118614,0.0087,-0.0087,PASS,0.0087,-0.0087,PASS
